category,source,source_type,title,url,excerpt,date,thumbnail
インテリア,Casa BRUTUS Web,,小寺慶子のレストラン予報｜銀座〈Smith ＆ Wollensky GINZA〉,https://casabrutus.com/categories/food/489022,NYの伝説と称されるステーキハウスに圧倒されるでしょう。,2026-06-14,https://wp2022.casabrutus.com/wp-content/uploads/2026/06/0604restaurantforecast_1200.jpg
カフェ・スポット,&Premium Web,,2026年6月12日「街角diary」加納穂乃香がお届けします。,https://machikado-creative.jp/life/diary/machikado-diary260612/?utm_source=rss&utm_medium=rss&utm_campaign=machikado-diary260612,帰ってきたX 私のTwitterが帰ってきました。おかえりー！ 一瞬乗っ取られて、メールアドレスを勝手に変えられたので、メールアドレスとパスワードを自分で変えたら、逆にそれがスパムだと思われて凍結されてしまいました。 凍 [&#8230;] The post 2026年6月12日「街角diary」加納穂乃香がお届けします。 first appeared on 街角のクリエイティブ .,2026-06-14,https://machikado-creative.jp/wp-content/uploads/2025/08/machikado-dairy-kanoh-scaled.png
イベント,POPEYE Web,,カラバリ豊富なアメリカ製のスウェットシャツは、着るほどに味わい深くなる。,https://popeyemagazine.jp/post-284348/,SWEAT SHIRT／Made in U.S.A. catalog 2026,2026-06-14,https://popeyemagazine.jp/wp-content/uploads/2026/05/DMA-2026_03_282143-share.png
ガジェット・プロダクト,ギズモード・ジャパン,,カリマーの日傘は、ペットボトルよりも小さく、スマホよりも軽い,https://www.gizmodo.jp/article/karrimor_all_weathe_umbrella-xhp/,2025年7月18日の記事を編集して再掲載しています。男性の日傘を見ることも多くなったが、正直まだ手を出せない…。と思っていたが、この猛暑のなか、永遠と日陰を歩いていられる快適さを知ってしまえば、手放せなくなる存在になりそうだ。KARRIM…,2026-06-14,https://media.loom-app.com/gizmodo/dist/images/2025/07/18/2507_KARRIMOR_allweatherumbrella_01.jpg?w=1200&h=630
ガジェット・プロダクト,ギズモード・ジャパン,,コンクリートを折り紙みたいに折ると、強度が増して建材を減らせる,https://www.gizmodo.jp/article/unfold-form-aua/,2025年2月24日の記事を編集して再掲載しています。ジグザグ折りが強度の決め手。ペラペラの紙は弱くてすぐシワになったり破れますが、ジグザグに折ると強度が出ます。不思議なようで当たり前のことですが、これは紙以外の素材にも当てはまるようです。…,2026-06-14,https://media.loom-app.com/gizmodo/dist/images/2025/02/21/250224_origami.jpg?w=1200&h=630
カルチャー・アート,BRUTUS.jp,,波打つボーダー柄。〈FENDI〉の半袖ニット：Brutus Best Bets,https://brutus.jp/post-503637/,波打つボーダーニット 半袖クルーネックは、まさにこれからが本番。見逃せないのが、〈フェンディ〉のマルチボーダーニットだ。よく見ると、ストライプが緩やかに波打っている。今季のテーマであるヴェネチアの水の流れを、インターシャ [&#8230;],2026-06-14,https://media.brutus.jp/wp-content/uploads/2026/06/11_FENDI_OG.jpg
カルチャー・アート,BRUTUS.jp,,新しい歴史観、「グローバルヒストリー」を構築するには？東京大学・史料編纂所の松方冬子先生とラッパー・TaiTanが語る,https://brutus.jp/post-495173/,新しい歴史観、「グローバルヒストリー」を構築するには？ 歴史観が揺らぐ時代。アカデミアはどう向き合うのか,2026-06-14,https://media.brutus.jp/wp-content/uploads/2026/04/28d.jpg
ガジェット・プロダクト,ギズモード・ジャパン,,福島のゴルフ場、いつのまにか6万3千枚のソーラーパネルになってた,https://www.gizmodo.jp/article/44mwp-solar-project-amazon-fukushima/,"かつてゴルフボールが飛んでいた福島の丘に、6万3,000枚のソーラーパネルが並んでいます。ポルトガルの大手エネルギー企業「EDP」の再エネ子会社「EDP Renewables」は2026年5月28日、福島市松川町水原のゴルフ場跡地（旧・福島…",2026-06-14,https://media.loom-app.com/loom/2026/06/07/bb315f05-f277-426d-9e7d-d89093aff379/original.png?w=1200&h=630
イベント,POPEYE Web,,働くため、暮らすため、休むため。米国製シューズのスタイルは機能から生まれた。,https://popeyemagazine.jp/post-284928/,SHOES／Made in U.S.A. catalog 2026,2026-06-14,https://popeyemagazine.jp/wp-content/uploads/2026/06/DMA-2026_03_29__DSF1016-2-share-1200x630.jpg
ガジェット・プロダクト,ギズモード・ジャパン,,XiaomiもAirDrop対応へ。まずは「Xiaomi 17T Pro」が対象,https://www.gizmodo.jp/article/xiaomi-17t-pro-airdrop/,対応メーカー、着実に増えてきてます。Googleを筆頭にSamsungやOPPOの一部のスマートフォンでは既にQuick Shareを介して、AppleのAirDropとデータ共有ができます。AndroidとiPhone間で写真や動画、ファ…,2026-06-14,https://media.loom-app.com/loom/2026/06/12/7494878b-253e-482c-8de8-25c7002c0193/original.jpg?w=1200&h=630
ガジェット・プロダクト,ギズモード・ジャパン,,マイボトルで脱ペットボトル。罪悪感なしでごくごく飲める,https://www.gizmodo.jp/article/reusable_water_bottles_summary/,汗ばむ季節になると、駅やコンビニなどでついついペットボトル飲料を買ってしまいがち。ちりつもでお金はかかるし、家に持って帰るとゴミもかさばる…。持ち歩きやすくて手軽なマイボトルを手にすれば、水分補給の意識も変わるかも？持ち運びやすくストレスフ…,2026-06-14,https://media.loom-app.com/loom/2026/06/12/6f15123e-03d7-4616-bc92-97974028fd06/original.jpg?w=1200&h=630
ガジェット・プロダクト,ギズモード・ジャパン,,水たまりを踏んでも無傷。ムーンスターの「長靴っぽくない防水シューズ」で雨の日も快適に,https://www.gizmodo.jp/article/protet_modi_roomie/,ROOMIE 2026年3月5日掲載の記事より転載雨天時に気になるのが、足元の濡れ。靴下まで湿ってしまうと、それだけで外出の気分が下がってしまうものです。そこで、雨の日でも快適に歩ける靴を導入してみました。農作業用シューズを日常仕様にした一…,2026-06-14,https://media.loom-app.com/loom/2026/06/04/3bfffa67-0e9d-4135-b0b4-c0a4df997931/original.jpg?w=1200&h=630
ガジェット・プロダクト,ギズモード・ジャパン,,ハマーのコンセプトEV「HUMMER X」。SFマシン感が尋常ではない,https://www.gizmodo.jp/article/general-motors-hummer-x/,売ればいいのに、非売品なんですよ。軍用4WDだった「HMMWV（ハンヴィー）」が、アーノルド・シュワルツェネッガーの要望で民間用の市販車となった「HUMMER（ハマー）」。デカくてカクばってて、たまーに日本の街中で見かけると存在感ありすぎて…,2026-06-14,https://media.loom-app.com/loom/2026/06/01/9ff9625c-6103-4a22-95e2-bcde80d91af5/original.jpg?w=1200&h=630
ガジェット・プロダクト,ギズモード・ジャパン,,Vision Pro、終了に向けて外堀埋められはじめてる…？ 公式の専用ケースがサイトから消える,https://www.gizmodo.jp/article/apple-vision-pro-case/,2024年2月に発売され、注目は集めたものの普及は進まないAppleの空間コンピューターVision Pro。第2世代がでる、軽量化モデルがでる、安価モデルがでると噂されたり、チーム解散でディスコン濃厚と言われたり、ほそぼそと継続されると言…,2026-06-14,https://media.loom-app.com/loom/2026/06/12/48f6b81d-dec9-480c-bbcc-4b1a6c3b842c/original.jpg?w=1200&h=630
カルチャー・アート,BRUTUS.jp,,夏子の部屋 ゲスト：プロフィギュアスケーター・浅田真央 〜後編〜 どうやったら強くなれますか？,https://brutus.jp/post-504526/,誰かの言葉が、私を支えている 諦めなかった、という結果でしかない 違いを受け入れて、前に進む,2026-06-14,https://media.brutus.jp/wp-content/uploads/2026/06/23dd69b02ef084dcdc934f11812552dc.jpg
ガジェット・プロダクト,ギズモード・ジャパン,,Teenage Engineeringがレコード・カッターを発表。本格プロ仕様です,https://www.gizmodo.jp/article/teenage-engineering-apc-2/,見た目からしてワクワクするようなガジェット楽器を多く手がけているスウェーデンのTeenage Engineering（ティーンエイジ・エンジニアリング）が、レコードカッティングマシン「APC-2」を発表しました。異色のプロ仕様同社は2022…,2026-06-14,https://media.loom-app.com/loom/2026/06/10/6500ddfb-2d99-46bc-bf9b-9052e747e3c7/original.jpg?w=1200&h=630
イベント,POPEYE Web,,ベースボールキャップの背景を知ると、アメカジが俄然面白くなる。,https://popeyemagazine.jp/post-284910/,CAP／Made in U.S.A. catalog 2026,2026-06-13,https://popeyemagazine.jp/wp-content/uploads/2026/06/DMA-2026_03_282563-share-1200x630.jpg
イベント,POPEYE Web,,櫻井健人は『四月物語』に役者として大事なことを学んだ。,https://popeyemagazine.jp/post-286662/,今日はこんな映画を観ようかな。vol.24,2026-06-13,https://popeyemagazine.jp/wp-content/uploads/2026/06/2026-06-vol24-2.gif
イベント,POPEYE Web,,無骨、イージー、オーソドックスetc。USA製パンツの選択肢は海のように広くて深い。,https://popeyemagazine.jp/post-284882/,TROUSERS／Made in U.S.A. catalog 2026,2026-06-13,https://popeyemagazine.jp/wp-content/uploads/2026/06/DMA-2026_03_282712-share-1200x630.jpg
ガジェット・プロダクト,ギズモード・ジャパン,,Apple Car完全終了。テスト用地をWaymoが買い取る皮肉…,https://www.gizmodo.jp/article/the-apple-car-is-dead-and-waymo-just-bought-its-gravesite-jpn/,一時期ささやかれていたApple Car。Appleがなんとりんご印の自動車を作っているという話で、2025年にも発売されるかもなんて言われていました。現在2026年、Apple Carプロジェクトは製品化することなく終了。開発の跡はどうな…,2026-06-13,https://media.loom-app.com/loom/2026/06/11/23ca3b89-dbdd-429d-b320-0b831f0d80c2/original.jpg?w=1200&h=630
ガジェット・プロダクト,ギズモード・ジャパン,,音楽生成AIが次のステージへ。ElevenLabsの新モデルが強烈すぎる,https://www.gizmodo.jp/article/elevenlabs_music-v2/,クリエイターに人気の高いマルチモーダルAIプラットフォーム「ElevenLabs（イレブンラボ）」。もともと音声クローン技術などに強いだけに、音楽生成にも力を入れていたのですが、6月1日に発表された最新のAI音楽生成モデル「Music v2…,2026-06-13,https://media.loom-app.com/loom/2026/06/02/350df7e2-48b0-4d9d-a79d-e60fcb33946e/original.jpg?w=1200&h=630
ガジェット・プロダクト,ギズモード・ジャパン,,圧迫感のないスピーカー。「EDIFIER M60」は小さく見えてパワフルだった,https://www.gizmodo.jp/article/edifier_m60_roomie/,ROOMIE 2026年3月7日掲載の記事より転載仕事中は、音楽やラジオを流すのがいつものパターン。これまではPCやスマホからそのまま流していたのですが、「せっかくならもう少しいい音で楽しみたい」と思い、デスク用のスピーカーを探していました…,2026-06-13,https://media.loom-app.com/loom/2026/06/04/07b9dfe8-70fe-44c2-8fc6-c2aad42ec52b/original.jpg?w=1200&h=630
ガジェット・プロダクト,ギズモード・ジャパン,,巨大ダムの建設で「地球の極」がズレた。海面上昇にも影響,https://www.gizmodo.jp/article/construction-of-giant-dam-has-shifted-the-earths-poles-xos/,2025年7月15日の記事を編集して再掲載しています。人間の行動が地球の「北極」と「南極」を動かしてしまったなんて、恐ろしや。過去200年間、人間は世界中に多くの巨大ダムを建設しており、その影響で地球の自転軸が約1mも移動し、世界の海面は2…,2026-06-13,https://media.loom-app.com/gizmodo/dist/images/2025/07/15/shutterstock_1397043419.jpg?w=1200&h=630
ガジェット・プロダクト,ギズモード・ジャパン,,"最速のQi2 25W充電器で2,000円台!? Amazonベーシックの嗅覚スゴイな…",https://www.gizmodo.jp/article/amazon-basic-qi-2-wireless-charger/,さすがAmazon。としか思えない。有線でつなぐからワイヤレス充電へ。一度ワイヤレスの手軽さを知ってしまうと、有線接続には戻れないくらい快適です。でも、充電速度の速いモデルを選ぼうと思うと、それなりにコストがかかるのがネックでして…。信頼で…,2026-06-13,https://media.loom-app.com/loom/2026/06/11/2cd57c4c-44d3-4442-b19b-c5c9ebc49274/original.jpg?w=1200&h=630
カルチャー・アート,BRUTUS.jp,,カリフォルニアを思い出す景色のそばに暮らす。〈Weber Workshops〉代表・ダグラス・ウェバーの居住空間学,https://brutus.jp/post-505323/,土地を耕すように手を入れてきた海辺の住まい 博多から車で1時間もかからずに着く糸島には、都市部とは打って変わった、ゆったりとした時間が流れる。玄界灘に突き出して海は青く、山の緑は深い。街へのアクセスのよさと豊かな自然とを [&#8230;],2026-06-13,https://media.brutus.jp/wp-content/uploads/2026/06/6eb1ae2b46417a1ab52b582e5e51e2f5.jpg
カルチャー・アート,BRUTUS.jp,,アートは誰のものなのか？静けさや癒やしを求めたヴェネチア・ビエンナーレ2026は、なぜポリティカル・カオスへと傾いたのか,https://brutus.jp/post-504849/,世界は疲れている。芸術もまた疲れている。いま必要なのは、癒やしと美、そして呼吸のための時間だ。 コヨ・クオ 緊迫のヴェネチア・ビエンナーレ。国家とアートのリアルすぎる摩擦 建築展と交互に隔年で開かれる、世界最大級の国際美 [&#8230;],2026-06-13,https://media.brutus.jp/wp-content/uploads/2026/06/712e90eddbbb9a12a00432ddfaabf267.jpg
カルチャー・アート,BRUTUS.jp,,贅沢さと気軽さを、旅でも。〈COLONY CLOTHING〉のセットアップ：Brutus Best Bets,https://brutus.jp/post-503630/,贅沢さと気軽さを、旅でも 旅先で役立つのは、きちんと見えて扱いやすい服。人工スエードのUltrasuede®を使用したセットアップは、まさにそれ。スエードの高級感はそのままに、伸縮性と丸洗いできる気軽さを備える。ダブルフ [&#8230;],2026-06-13,https://media.brutus.jp/wp-content/uploads/2026/06/12_COLONY-CLOTHING_OG.jpg
カルチャー・アート,BRUTUS.jp,,写真で見る、「居住空間学2026」,https://brutus.jp/post-505408/,壁も天井もカウンターも和紙で設（しつら）え、柔らかな質感とともにある創作の場 紙漉き師・ハタノワタル 椅子に掛けくつろぐハタノワタルさん。設計は自ら主宰する〈午後二時設計室〉。「窓は正方形だとそのものが主張しすぎる。あえて少し崩すことで風景がより見えてきます」 家族の歴史を知る大きな庭と、今、美しく暮らすための小さな家 〈antiques tamiser〉オーナー・吉田昌太郎 かつて祖父母や両親と,2026-06-13,https://media.brutus.jp/wp-content/uploads/2026/06/261df9528754415488c6ba9da812144a.jpg
インテリア,Casa BRUTUS Web,,江戸城の裏鬼門を守る増上寺。【今日の名所江戸百景 by 村上隆】,https://casabrutus.com/categories/art/486906,村上隆が歌川広重の「名所江戸百景」をオマージュしたシリーズを毎週末に紹介する連載【今日の名所江戸百景 by 村上隆】。西洋の画家たちに「認知革命」を引き起こした日本美術の衝撃を村上隆が読み解きます。,2026-06-13,https://wp2022.casabrutus.com/wp-content/uploads/2027/06/0511_edo_ogp_01.jpg
カフェ・スポット,Hanako Web,,ガレッジセール・ゴリさん偏愛の沖縄ステーキも！本当においしい肉グルメ17選｜焼肉、ステーキ、老舗肉料理ほか | Hanako Web,https://hanako.tokyo/food/508312/,本当においしいお肉が食べたい。そんな日のための焼肉、ステーキ、肉料理を集めました。 肉食系ライター・小寺慶子さんが太鼓判を押す”人生で一度は訪れたい”肉宝店BEST3、ガレッジセールのゴリさんが偏愛する沖縄ステーキ、横浜の老舗肉料理、東京の町焼肉まで。 ひとりのご褒美ディナーにも、大切な人と囲む食卓にも。 ※店舗情報・価格などは記事公開時点のものです。 関連記事: 肉食系ライター・小寺慶子さん太鼓,2026-06-13,https://img.hanako.tokyo/2026/06/14002133/DSC2569.jpg
イベント,POPEYE Web,,【#1】私のインドカレー時代,https://popeyemagazine.jp/post-284646/,執筆：金子祐輔（日記博物館・館長）,2026-06-13,https://popeyemagazine.jp/wp-content/uploads/2026/05/unnamed-21-share-1179x630.jpg
ガジェット・プロダクト,GetNavi Web,,Siri AIで何が変わる？ 新機能と使い方をまとめてチェック,https://getnavi.jp/gadgets/1103056/,アップルはWWDC 2026で、新バージョンの音声アシスタント「Siri AI」を発表しました。 Siri AIはその名のとおり、AI機能「Apple Intelligence」を活用しています。これにより、パーソナルコ... The post Siri AIで何が変わる？ 新機能と使い方をまとめてチェック appeared first on GetNavi web ゲットナビ .,2026-06-13,https://getnavi.jp/wp-content/uploads/2026/06/Apple-Siri-AI-hero-260608_big.medium_2x.jpg
ガジェット・プロダクト,GetNavi Web,,充電状況を表情でお知らせ！ UGREENのロボット型「30W急速充電器」がAmazonで2000円台,https://getnavi.jp/gadgets/1103234/,Amazonでは毎日タイムセールを開催中。家電やガジェットだけでなく、日用品や食品など、あらゆるジャンルの製品がセール価格で販売されています。 UGREENは、「UGREEN Uno 急速充電器 30W」を29％オフの2... The post 充電状況を表情でお知らせ！ UGREENのロボット型「30W急速充電器」がAmazonで2000円台 appeared first on GetNavi ,2026-06-13,https://getnavi.jp/wp-content/uploads/2026/06/51bmamdYmGL._AC_SL1500_.jpg
ガジェット・プロダクト,GetNavi Web,,初代の「280万台」を超えられるか!? 長く安心して使えるスマホ「arrows We3」発売,https://getnavi.jp/gadgets/1103242/,FCNTは6月11日、5Gスマートフォン「arrows We3」を発表しました。本製品はNTTドコモ、au、UQ mobile、楽天モバイル、SIMフリーモデルをラインナップし、2026年6月25日より順次発売します。通... The post 初代の「280万台」を超えられるか!? 長く安心して使えるスマホ「arrows We3」発売 appeared first on GetNavi web ,2026-06-13,https://getnavi.jp/wp-content/uploads/2026/06/20260612getnaviweb_fcnt_2.jpg
ガジェット・プロダクト,GetNavi Web,,大量トグルから卒業！ iOS 27でAirPods設定がすっきり進化,https://getnavi.jp/gadgets/1103052/,WWDC 2026で発表された「iOS 27」では、ワイヤレスイヤホン「AirPods」の設定画面が大幅に見直されました。 AirPodsの設定は、専用アプリではなく、接続中にのみiPhoneの「設定」アプリ内に表示され... The post 大量トグルから卒業！ iOS 27でAirPods設定がすっきり進化 appeared first on GetNavi web ゲットナビ .,2026-06-13,https://getnavi.jp/wp-content/uploads/2026/06/d4d7e31e-bd31-43a6-8af3-5edb4808a7b4.jpg
ガジェット・プロダクト,ギズモード・ジャパン,,時計の中を自分でいじってみたい。だったらDIYキットはいかが？,https://www.gizmodo.jp/article/diy-watch-club_diy-watch-kit/,ミクロン単位の精度でパーツを扱う時計師の作業。複雑機構のムーブメントともなれば数百個のパーツを組み立てる必要があり、力加減も非常に繊細。難しいパーツを組むときは息を止めてやるほどで、ヒゲゼンマイなどは少し歪んだだけで精度に影響が出るため使え…,2026-06-13,https://media.loom-app.com/loom/2026/06/02/f328061b-8668-44fe-a76b-2f7e229666f3/original.jpg?w=1200&h=630
ガジェット・プロダクト,ギズモード・ジャパン,,持ち運びたくなる。ロジクール初の折りたたみマウス「Mobi Fold」,https://www.gizmodo.jp/article/mobi-fold/,おしゃれでタフで高機能。僕は入力デバイスが大好きで、何本もキーボードをローテーションで使っていたり、マウスやトラックボールを気分によって変えたりしています。一時期、トラックボールをメインに使っていたのですが、最近またマウスに戻ってきました。…,2026-06-13,https://media.loom-app.com/loom/2026/06/10/d588b233-bb43-48f6-a69d-a6fc575b7d83/original.jpg?w=1200&h=630
ガジェット・プロダクト,ギズモード・ジャパン,,AI企業の利益を国民へ。米上院議員の提案にアルトマンが会いに行く,https://www.gizmodo.jp/article/sam-altman-eyes-bernie-sanders-as-his-pope-jp/,AIによって生まれる莫大な利益を国民全体へ還元するべきだとして、アメリカのバーニー・サンダース上院議員が、OpenAIやAnthropicなどのAI企業を対象にした「AIソブリン・ウェルス・ファンド」を提案しています。そして、その提案を受け…,2026-06-13,https://media.loom-app.com/loom/2026/06/12/0714b358-f02f-4119-91b2-e2889fde8986/original.jpg?w=1200&h=630
カルチャー・アート,BRUTUS.jp,,Brutus Best Beauty：〈ISSEY MIYAKE〉〈THREE〉etc. 注目のビューティ新製品,https://brutus.jp/post-503367/,"SOSO. コンパクトさと大風量を両立 新ヘアケアブランド〈SOSO.〉から誕生したヘアドライヤーは、本体重量が422gという軽さながら、力強く安定した風量を実現。また約1,000万個という高濃度プラズマイオンを放出する [&#8230;]",2026-06-13,https://media.brutus.jp/wp-content/uploads/2026/06/OG.jpg
カルチャー・アート,BRUTUS.jp,,愛用する住まい、どこが変わりましたか？〈Swimsuit Department〉郷古隆洋が新たにしつらえたダイニング,https://brutus.jp/post-505324/,初めてしつらえたダイニングのテーマは“Knolling” 蒐集家（しゅうしゅうか）であり、ヴィンテージ雑貨などを販売する〈Swimsuit Department〉を運営する郷古隆洋さんが、福岡と東京の2拠点生活を続けて約 [&#8230;],2026-06-13,https://media.brutus.jp/wp-content/uploads/2026/06/DSC0032-Edit-Edi.jpg
ガジェット・プロダクト,ギズモード・ジャパン,,田んぼ不要で年6回も収穫。ミニ＆スピーディなお米で稲作の歴史は変わるのか？,https://www.gizmodo.jp/article/rice-factory-jrt/,2025年6月23日の記事を編集して再掲載しています。これが、未来の稲作…なのか？止まらない物価高や未だ高い米の値段、まだ落ち着きは見せません。やはり、お米が無いのは僕らにとって死活問題。お米の安定供給は今後も大きな課題となるはずです。そん…,2026-06-13,https://media.loom-app.com/gizmodo/dist/images/2025/06/23/2025_06_23okkk00.jpg?w=1200&h=630
interior,ACTUS,YouTube,暑さを防いでおしゃれに。プロが選ぶ、インテリアを格上げする遮熱カーテン7選！,https://www.youtube.com/watch?v=zMo6GQRZd78,アクタスのバイヤー、プロフェッショナルがインテリアの奥深さを多面的に語る「ACTUS蘊蓄（うんちく）ものがたり」。今回は店舗営業部の下田が、猛暑に必須の「遮熱カーテン」の中から、お勧めの新作をご紹介し,2026-06-13,https://i.ytimg.com/vi/zMo6GQRZd78/maxresdefault.jpg
interior,McGuffin,YouTube,編集長の雑談配信『モノクロページ』6/12,https://www.youtube.com/watch?v=garveRPZ__M,📍チャンネル登録お願いします！  ＝＝＝＝＝ 🎥 YouTubeライブ配信「モノクロページ」 McGuffin編集長・安藤啓太が、雑誌の“白黒ページ”のように、飾らずリアルに語るライブ配信企画。 カル,2026-06-13,https://i.ytimg.com/vi/garveRPZ__M/maxresdefault.jpg
ガジェット・プロダクト,ギズモード・ジャパン,,U2がSpotify元幹部を登用。重なる音楽とテックの人材地図,https://www.gizmodo.jp/article/u2-spotify/,世界的なスーパーロックバンド U2が新たなマネージメントパートナーとして、スリナ・オン氏を任命しました。彼女の前職はSpotify（スポティファイ）音楽部門のグローバル編集・キュレーション責任者で、Wall Street Journal紙で…,2026-06-13,https://media.loom-app.com/loom/2026/06/02/0054e59c-c6f5-492b-bd38-e98bcbee5252/original.jpg?w=1200&h=630
インテリア,Casa BRUTUS Web,,【6月13日〜14日】今週末必見の“アート＆デザイン”まとめ！,https://casabrutus.com/categories/art/489468,カーサが注目する、週末に注目のイベントをまとめてご紹介。始まったばかりの展覧会から会期終了間近の展覧会まで、チェックしてみましょう！,2026-06-12,https://wp2022.casabrutus.com/wp-content/uploads/2026/04/0407ciurlionis_1200.jpg
インテリア,Casa BRUTUS Web,,埋立地の土手崩れを防ぐ桐の木【今日の名所江戸百景 by 村上隆】,https://casabrutus.com/categories/art/486873,村上隆が歌川広重の「名所江戸百景」をオマージュしたシリーズを毎週末に紹介する連載【今日の名所江戸百景 by 村上隆】。西洋の画家たちに「認知革命」を引き起こした日本美術の衝撃を村上隆が読み解きます。,2026-06-12,https://wp2022.casabrutus.com/wp-content/uploads/2027/05/0427_edo_ogp_8.jpg
インテリア,Casa BRUTUS Web,,Chill CARS｜《メルセデス・ベンツ 190クラス（W201）》上質さとは何かを現代に問いかける、贅沢なクルマ。,https://casabrutus.com/categories/vehicle/489013,上質と高級の違いはどこにあるのだろう。その答えを示してくれるのが、〈メルセデス・ベンツ〉が1982年に発表した《W201》だ。,2026-06-12,https://wp2022.casabrutus.com/wp-content/uploads/2026/06/0604chillcars_1200.jpg
建築,AXIS Web,,色を「読む」のではなく、「見る」ための本。『COLOR COMPENDIUM』でたどった、色彩思想の長い旅,https://www.axismag.jp/posts/2026/06/713392.html,ケースと本体、ふたつの色立体模型を並べた『COLOR COMPENDIUM』。制作終盤にはパッケージ、付録、シール、メッセージカード、配送用の箱まで整えた。写真左上にある色彩球「KOLORMONDO® MINI COLO [&#8230;],2026-06-12,https://www.axismag.jp/axismag-admin/wp-content/uploads/2026/06/c3e139e593db80cfaf8586e83950a593-720x545.jpeg
建築,AXIS Web,,日本テレビとバスキュール、 宇宙から今の地球を見る「TerraCaster(テラキャスター)」公開,https://www.axismag.jp/posts/2026/06/712901.html,日本テレビとデジタルコンテンツの企画制作を行うバスキュールは、気象衛星データを活用した地球観測映像プラットフォーム「TerraCaster（テラキャスター）」をリリースした。気象衛星ひまわりが取得する観測画像をもとに、宇 [&#8230;],2026-06-12,https://www.axismag.jp/axismag-admin/wp-content/uploads/2026/06/TerraCaster_KV_jp.jpg
カフェ・スポット,Hanako Web,,【東京】ひとりで巡りたい喫茶店16選｜〈喫茶閃光〉の超レアなクリームソーダ、珠玉のコーヒーほかドリンク・デザートが絶品の名店 | Hanako Web,https://hanako.tokyo/food/507259/,珠玉の一杯のコーヒー、とろけるプリン、超レアなクリームソーダ——喫茶店のドリンクとデザートには、ほかでは味わえない特別なおいしさがあります。 今回は 食と旅の雑誌『Hanako』 から「ひとりで巡りたい東京の喫茶店16選」をご紹介。わざわざ飲みに行く価値があるコーヒーの名店から、記憶に残るプリン・デザート、超人気のレトロ喫茶まで厳選しました。 今週末は、お気に入りの一軒を見つけに行きませんか。 ※,2026-06-12,https://img.hanako.tokyo/2026/06/11200627/FB-B0000013.jpg
カフェ・スポット,Hanako Web,,Prime Videoで配信スタートの『クロエマ』が話題！ 俳優・杉咲花さんインタビュー | Hanako Web,https://hanako.tokyo/culture/508555/,「ときには曖昧さを抱えたままでいい。それもまた、しなやかに生きる強さ。」 最新ドラマ『クロエマ』で杉咲花さんが演じるのは、ひょんな出会いから、占い師・クロエと行動をともにし、さまざまな人の人生と謎に巻き込まれていくエマ。...,2026-06-12,https://img.hanako.tokyo/2026/06/03152427/DMA-0419hnk_0217_bDN.jpg
カフェ・スポット,Hanako Web,,秒で仕込める！超簡単な麹調味料【しょうゆ麹】の作り方と、味つけ１つのズボラごはん。 | Hanako Web,https://hanako.tokyo/learn/509095/,しょうゆ麹って知ってる？ 麹調味料といえば塩麹が定番ですが、実はズボラさんにいちばんオススメしたいのがしょうゆ麹。それは、米麹としょうゆを混ぜるだけで完成するから。旨み成分であるグルタミン酸は塩麹の約10倍。しょうゆに比...,2026-06-12,https://img.hanako.tokyo/2026/06/11125543/688d1001b8ac7534002b06c916c6ee59.jpeg
カフェ・スポット,Hanako Web,,【横浜】グルメなハマっ子が愛し続ける定番店とお気に入りの新定番 | Hanako Web,https://hanako.tokyo/food/507437/,1.時を重ねても変わらず愛され続ける理由が一皿ごとに。〈Le Petit Courageux〉 馬車道にアトリエを構える松尾亜紗子さんが、10年以上通い続けるとっておきのフレンチ。鴨のローストと並び、開店当初から不動の人...,2026-06-12,https://img.hanako.tokyo/2026/05/03161728/RS-26yokohama_0089.jpg
イベント,POPEYE Web,,【#1】東大ファッションの現在,https://popeyemagazine.jp/post-286110/,執筆：Dumb Store,2026-06-12,https://popeyemagazine.jp/wp-content/uploads/2026/06/unnamed-2-share-1200x630.jpg
イベント,POPEYE Web,,今こそ、タフなアメリカ製コットンのTシャツを。,https://popeyemagazine.jp/post-284360/,T-Shirt／Made in U.S.A. catalog 2026,2026-06-12,https://popeyemagazine.jp/wp-content/uploads/2026/05/DMA-2026_03_282297_0409_2-share-1200x630.jpg
カルチャー・アート,BRUTUS.jp,,家具の視点から観る映画『アン・リー／はじまりの物語』。シェーカー家具を手がける石井佳苗が読み解く,https://brutus.jp/post-503114/,「シェーカースタイル」。日本でも1990年代にちょっとしたブームになったことを覚えている方もいるだろう。18～19世紀にかけてアメリカで活動していたシェーカー教徒たちが作る、「用の美」とも言うべきシンプルで機能的な家具や [&#8230;],2026-06-12,https://media.brutus.jp/wp-content/uploads/2026/05/924df5597113650cc7345541980b2c93.jpg
ガジェット・プロダクト,GetNavi Web,,iOS 27で何が変わる？ 新機能と進化ポイントをチェック,https://getnavi.jp/gadgets/1103106/,アップルはiPhone向けの次期OS「iOS 27」を正式に発表しました。 iOS 27では、透明なインターフェイス「Liquid Glass」の透明度を調整するスライダーが追加されます。アイコンには屈折表現のレイヤーが... The post iOS 27で何が変わる？ 新機能と進化ポイントをチェック appeared first on GetNavi web ゲットナビ .,2026-06-12,https://getnavi.jp/wp-content/uploads/2026/06/f7c61f3e7e96dab4093cd647f792d77e.jpg
travel,CONNECT北欧,YouTube,【小樽旅】北欧家具と和が調和する、心地よいJapandi民泊へ。｜CONNECT Journey #2,https://www.youtube.com/watch?v=5GegiwC7S8E,CONNECT Journey —名作家具と過ごす、心地よい暮らしの「試着」旅—  名作家具が配されたこだわりの宿を訪ねる、紀行ドキュメンタリー。 宿のコンセプト、オーナーの哲学、そして「そこで流れる,2026-06-12,https://i.ytimg.com/vi/5GegiwC7S8E/maxresdefault.jpg
interior,キオク的サンサク,YouTube,【ルームツアー】家賃9.5万・15畳ワンルームに民芸品とDJブースのあるアメリカンな空間｜26歳広告代理店勤務・つかもとさん｜40平米,https://www.youtube.com/watch?v=aioPJ8VFd4Q,━━━━━━━━━━━━━━━━━━━━━━━━ 🌏 募集中 ━━━━━━━━━━━━━━━━━━━━━━━━  ▷ 出演者 : https://docs.google.com/forms/d/e/1,2026-06-12,https://i.ytimg.com/vi/aioPJ8VFd4Q/maxresdefault.jpg
travel,GQ JAPAN,YouTube,『Michael／マイケル』主演ジャファー・ジャクソンが明かす、役作りのプロセス | GQ JAPAN,https://www.youtube.com/watch?v=1KLwLVbNGXM,映画『Michael／マイケル』主演のジャファー・ジャクソンが登場。自身の叔父であり、世界的スターのマイケル・ジャクソンを演じるまでの道のりを明かす。  チャンネル登録はこちら►► http://bi,2026-06-12,https://i.ytimg.com/vi/1KLwLVbNGXM/maxresdefault.jpg
インテリア,Casa BRUTUS Web,,幸運を呼ぶ!? 金彩を纏った〈バカラ〉のまねき猫が登場。,https://casabrutus.com/categories/design/487485,発売以来、世界中で愛される〈バカラ〉のまねき猫に、《まねき猫 宝づくし》が登場。,2026-06-11,https://wp2022.casabrutus.com/wp-content/uploads/2026/05/06fridge01_1200.jpg
インテリア,Casa BRUTUS Web,,フリーマガジン『NOT FAR』の最新号#12がリリース。今回のテーマは「TIME」。,https://casabrutus.com/categories/culture/489221,2020年、日本橋浜町のコンセプトストア〈T-HOUSE New Balance〉のオープンとともに創刊されたフリーマガジン『NOT FAR（ノットファー）』が、5月29日に最新号となる 『NOT FAR #12』 をリリースした。,2026-06-11,https://wp2022.casabrutus.com/wp-content/uploads/2027/06/0608_notfar12_1312_ogp.jpg
建築,AXIS Web,,影と遊ぶことで、「子供が自分でさしたくなる傘」登場,https://www.axismag.jp/posts/2026/06/711465.html,デザイン事務所torinokoとオリジナル商品の企画開発やOEM事業を展開するオールスタジアムは、子ども向け晴雨兼用傘「子供が自分でさしたくなる傘」を共同開発し、Makuakeで先行販売を開始している。猛暑化が進むなか、 [&#8230;],2026-06-11,https://www.axismag.jp/axismag-admin/wp-content/uploads/2026/05/831f2c16dcb597b6c31f566e3604c007-scaled.jpg
建築,AXIS Web,,日本橋髙島屋S.C.のショーウィンドーが“水族館”に。炭酸デザイン室によるインスタレーション「AQUARIUM」,https://www.axismag.jp/posts/2026/06/713176.html,日本橋髙島屋S.C.本館1階の正面ショーウィンドーを、炭酸デザイン室によるインスタレーション作品「AQUARIUM」が彩る。期間は6月15日（月）から7月13日（月）まで。髙島屋の夏季プロモーション「感じる！聞こえる！夏 [&#8230;],2026-06-11,https://www.axismag.jp/axismag-admin/wp-content/uploads/2026/06/main-5.jpg
カフェ・スポット,Hanako Web,,【鎌倉】紫陽花の季節に行きたいグルメ12選｜絶品朝ごはん、ランチ、カフェほか | Hanako Web,https://hanako.tokyo/food/509267/,あじさいが見頃を迎える今こそ、鎌倉へ。早起きして行く価値がある朝ごはん、野菜たっぷりの体に優しいランチ、鎌倉でしか味わえない新定番スイーツ、さらには夜のタコス飲みまで——朝から夜まで一日中楽しめるグルメが揃っています。 今回は 食と旅の雑誌『Hanako』 から「鎌倉グルメ・お花ガイド12選」をご紹介。花の見頃カレンダーとあわせて、鎌倉旅の計画にぜひ役立ててください。 ※店舗情報・価格などは記事公,2026-06-11,https://img.hanako.tokyo/2026/06/11202325/DMA-_A0A3939-1.jpg
ガジェット・プロダクト,Pen Online,,"flow by nozy coffee, a specialty coffee shop along Kyoto’s Kamo River",https://pen-online.com/travel/flow-by-nozy-coffee-un-cafe-de-specialite-au-bord-de-la-riviere-kamo-a-kyoto/,"The post flow by nozy coffee, a specialty coffee shop along Kyoto’s Kamo River appeared first on Pen ペン .",2026-06-11,https://pen-online.com/app/uploads/2026/05/28101613/flow-by-nozy-coffee_thumbnail-750x692.jpg
interior,McGuffin,YouTube,【Barkに直接電話でゲット!?】Barkのミックステープ路上配布に密着。,https://www.youtube.com/watch?v=FZ8twpYEh2Q,📍チャンネル登録お願いします！  チャンネルのメンバーになって特典にアクセスしてください: https://www.youtube.com/channel/UC5CXd3yvCNfePkAbxeian,2026-06-11,https://i.ytimg.com/vi/FZ8twpYEh2Q/maxresdefault.jpg
food,IN THE MAKING,YouTube,【四日市カフェ】カメラマンが作るカフェ空間。飲食とクリエイティブをかけ合わせるオーナーにインタビュー｜1ST FLOOR COFFEE,https://www.youtube.com/watch?v=p5cloIe2iqw,▪️今回は三重県四日市市で「1ST FLOOR COFFEE」「Question Coffee Stand」などを経営する。カメラマンとして活動するオーナーに 店づくりへの考え方やこれまでの歩みについ,2026-06-11,https://i.ytimg.com/vi/p5cloIe2iqw/maxresdefault.jpg
art,GQ JAPAN,YouTube,幾田りらの人生に欠かせない10のアイテム | 10 Essentials | GQ JAPAN,https://www.youtube.com/watch?v=NUjavieaWY8,YOASOBI ボーカル ikura としても数々のヒット曲を生み出し、ソロアーティストとしても活躍する 幾田りら が10 Essentials（ #10エッセンシャルズ ）に登場。楽曲制作のヒントに,2026-06-11,https://i.ytimg.com/vi/NUjavieaWY8/maxresdefault.jpg
建築,AXIS Web,,イタリア家具ブランド「mdf italia」が日本展開開始。 スノヘッタのソファー「Array」を展示,https://www.axismag.jp/posts/2026/06/712599.html,インテリア関連事業を手がけるソーシャルインテリアは、イタリアのモダンファニチャーブランド「mdf italia」の日本国内における代理店業務を開始した。これに伴い、東京・南青山のオフィス兼ショールーム「THE MUSEU [&#8230;],2026-06-10,https://www.axismag.jp/axismag-admin/wp-content/uploads/2026/06/main.jpg
カフェ・スポット,&Premium Web,,2026年6月11日「街角diary」上田豪がお届けします。,https://machikado-creative.jp/life/diary/machikado-diary260611/?utm_source=rss&utm_medium=rss&utm_campaign=machikado-diary260611,ちょいと気になる㊴ おはこんばんちは。広告探偵の上田豪です。 先週はさんざんなことばかりでね。日記としてあまり振り返りたくないし振り返って心情を吐露したところで暗く重くなるだけだから、今日は前置きはほどほどにしとくね。 [&#8230;] The post 2026年6月11日「街角diary」上田豪がお届けします。 first appeared on 街角のクリエイティブ .,2026-06-10,https://machikado-creative.jp/wp-content/uploads/2025/07/machikado-dairy-uedago-scaled.png
カフェ・スポット,&Premium Web,,2026年6月10日「街角diary」廣瀬翼がお届けします。,https://machikado-creative.jp/life/diary/machikado-diary260610/?utm_source=rss&utm_medium=rss&utm_campaign=machikado-diary260610,いなかで思うこと 「この子たちは、今やっていることが楽しくて仕方ないようなので。それはそれで、いいかなと」 いなかに行くとよく、仕事か家庭か、先の人生はどうするのか、親の面倒を見ないかん……そういう話になる。そのたびに、 [&#8230;] The post 2026年6月10日「街角diary」廣瀬翼がお届けします。 first appeared on 街角のクリエイティブ .,2026-06-10,https://machikado-creative.jp/wp-content/uploads/2025/08/machikado-dairy-hirose-scaled.png
interior,CONNECT北欧,YouTube,CONNECT | 北欧インテリアライブ配信,https://www.youtube.com/watch?v=m94maEmWAg8,ラグについてのLIVE配信です,2026-06-10,https://i.ytimg.com/vi/m94maEmWAg8/maxresdefault.jpg
fashion,McGuffin,YouTube,【ルーム&ショップツアー】CarService橋本奎のオフィスが完成！adidas × atmosコラボの新作スニーカーを使った中田圭祐のスタイルサンプルも披露！,https://www.youtube.com/watch?v=C5Vv69NTsUM,📍チャンネル登録お願いします！  チャンネルのメンバーになって特典にアクセスしてください: https://www.youtube.com/channel/UC5CXd3yvCNfePkAbxeian,2026-06-10,https://i.ytimg.com/vi/C5Vv69NTsUM/maxresdefault.jpg
ガジェット・プロダクト,Pen Online,,"Hitoyoshi Onsen Motoyu, an Everyday Bath that Feels Quietly Extraordinary",https://pen-online.com/travel/hitoyoshi-onsen-motoyu-an-everyday-bath-that-feels-quietly-extraordinary/,"The post Hitoyoshi Onsen Motoyu, an Everyday Bath that Feels Quietly Extraordinary appeared first on Pen ペン .",2026-06-09,https://pen-online.com/app/uploads/2026/05/24043852/8ba1ca8eb1a99d1eb67b0db81259188cbd974b25-750x500.jpg
fashion,CONNECT北欧,YouTube,【コーディネート解説】木製家具でつくる、野暮ったくならないクラシックな部屋作り,https://www.youtube.com/watch?v=YsjS2cUi94w,今回のテーマは「木製家具で作るクラシックな空間作り」です。 「木製家具で揃えたら、なんだか重たく野暮ったくなってしまった…」そんなお悩みを解決する、上品で洗練されたお部屋作りの3つのポイントを解説しま,2026-06-09,https://i.ytimg.com/vi/YsjS2cUi94w/maxresdefault.jpg
culture,McGuffin,YouTube,【幡ヶ谷と北沢の洗練されたレコードショップの魅力】ELLA RECODSとELLA RECORDS VINTAGEに音楽好きが集まる理由,https://www.youtube.com/watch?v=DsgZD9ZM024,📍チャンネル登録お願いします！  チャンネルのメンバーになって特典にアクセスしてください: https://www.youtube.com/channel/UC5CXd3yvCNfePkAbxeian,2026-06-09,https://i.ytimg.com/vi/DsgZD9ZM024/maxresdefault.jpg
カフェ・スポット,&Premium Web,,2026年6月9日「街角diary」加藤順彦がお届けします。,https://machikado-creative.jp/life/diary/machikado-diary260609/?utm_source=rss&utm_medium=rss&utm_campaign=machikado-diary260609,ポール徘徊記 5月27日からアジアを離れています。 東南アジア＆日本に比べると少ないですが、北米、欧州、アフリカに参画先、その子会社、それらからの投資参画先があり、一年半に一度くらいのペースで廻るようにしています。それぞ [&#8230;] The post 2026年6月9日「街角diary」加藤順彦がお届けします。 first appeared on 街角のクリエイティブ .,2026-06-08,https://machikado-creative.jp/wp-content/uploads/2025/12/machikado-dairy-katoyori-2048x912-1.png
カフェ・スポット,&Premium Web,,2026年6月8日「街角diary」田中泰延がお届けします。,https://machikado-creative.jp/life/diary/machikado-diary260608/?utm_source=rss&utm_medium=rss&utm_campaign=machikado-diary260608,カム フライ ウィズ ミー 関西キャンピングカーフェスティバルに行ってきました。日曜日の雨の中。 あまりに土砂降りで、なんならみなさん撤収が始まっていたし、写真撮るどころじゃなかったのですが、生まれて初めてキャンピングカ [&#8230;] The post 2026年6月8日「街角diary」田中泰延がお届けします。 first appeared on 街角のクリエイティブ .,2026-06-08,https://machikado-creative.jp/wp-content/uploads/2025/07/machikado-dairy-tanaka-scaled.png
カフェ・スポット,&Premium Web,,「#宣伝会議田中泰延クラス」卒業生8名による映画『国宝』レビュー企画,https://machikado-creative.jp/entertainment/movie/eiga-bu260608/?utm_source=rss&utm_medium=rss&utm_campaign=eiga-bu260608,"みなさんこんにちは田中泰延です。 2025年から今年にかけて、1,415万人が観た映画『国宝』。このたび、Amazon Prime Videoで独占配信が開始されました。 ただひたすら共に夢を追いかけた―― 映画『国宝』 [&#8230;] The post 「#宣伝会議田中泰延クラス」卒業生8名による映画『国宝』レビュー企画 first appeared on 街角のクリエイティブ .",2026-06-08,https://machikado-creative.jp/wp-content/uploads/2026/06/eiga_kokuho_reviewproject-scaled.jpg
interior,クリエイティブの裏側,YouTube,【インテリア無駄遣い】それ買うと失敗します！視聴者の欲しい物を辛口添削,https://www.youtube.com/watch?v=XQ7Bh-30nQY,メンバーシップはこちらから（ブラウザ版は¥2210offでご参加いただけます） https://www.youtube.com/@c.uragawa/join?app=desktop ①Discord,2026-06-08,https://i.ytimg.com/vi/XQ7Bh-30nQY/maxresdefault.jpg
interior,GQ JAPAN,YouTube,サッカーフランス代表キリアン・エムバペに質問 | GQ JAPAN,https://www.youtube.com/watch?v=iE6Fv_7uDcw,「FIFAワールドカップ2026」フランス代表の主将、キリアン・エムバペが登場。マドリードの魅力や、クリスティアーノ・ロナウドからのアドバイス、W杯の意気込みなどを語る。  チャンネル登録はこちら►►,2026-06-08,https://i.ytimg.com/vi/iE6Fv_7uDcw/maxresdefault.jpg
fashion,McGuffin,YouTube,【ルームツアー】BEAMS PLUS バイヤー金子茂の自宅へ！歴史的名作が揃う究極のヴィンテージダウン・コレクション,https://www.youtube.com/watch?v=kygk0Stmuso,📍チャンネル登録お願いします！  チャンネルのメンバーになって特典にアクセスしてください: https://www.youtube.com/channel/UC5CXd3yvCNfePkAbxeian,2026-06-08,https://i.ytimg.com/vi/kygk0Stmuso/maxresdefault.jpg
interior,ACTUS,YouTube,【ルームツアー】 お菓子教室と住まいを両立したアトリエ空間｜2LDK 3人とアヒル1羽暮らし,https://www.youtube.com/watch?v=2DQj9MXiDWQ,アクタスのスタッフやお客様宅を巡る「家（ウチ）が好き」シリーズ。今回は都内のマンションをリノベーションし、お菓子教室を営む加藤様のお宅を訪ねます。 今のお住まいへお引越しの際に、アクタスのとあるソファ,2026-06-06,https://i.ytimg.com/vi/2DQj9MXiDWQ/maxresdefault.jpg
event,TOKYOROOMS,YouTube,"【ルームツアー】ミッドセンチュリー×インダストリアル。好きを詰め込んだ""秘密基地""のような部屋｜家賃6.5万円・53㎡・一人暮らし | リーン・ロゼ トーゴ 期間限定15%OFF",https://www.youtube.com/watch?v=kJDpOtYkdTg,【6/26まで】ルームツアーにも登場した「ROSET TOGO」が、サブスクライフ by TOKYOROOMSで期間限定15%OFF＋送料無料！ リーン・ロゼの人気アイテムが月額で手に入るキャンペーン,2026-06-06,https://i.ytimg.com/vi/kJDpOtYkdTg/maxresdefault.jpg
interior,HYGGESCAPE,YouTube,【本場デンマーク】一生モノの家具に出会う北欧インテリアショップ巡り vol.2,https://www.youtube.com/watch?v=x0Wpjt6YiZ0,▼関連動画 https://www.youtube.com/watch?v=RitcYMeAE_M&t=230s https://www.youtube.com/watch?v=FrRytWouKrk,2026-06-05,https://i.ytimg.com/vi/x0Wpjt6YiZ0/maxresdefault.jpg
interior,ゆっくりインテリア(カジマグ),YouTube,【推しの子で学ぶインテリア】：アイドルと偶像とインターナショナルデザインの話。｜【おしゃれのコツ】,https://www.youtube.com/watch?v=dvASfR6xfM0,《じっくり読みたい方はこちら！》  【推しの子で学ぶインテリア】：アイドルと偶像とインターナショナルデザインの話。 https://kajikissa.com/ichigoproduction/,2026-06-05,https://i.ytimg.com/vi/dvASfR6xfM0/maxresdefault.jpg
fashion,キオク的サンサク,YouTube,【ルームツアー】家賃20万・24歳ファッションインフルエンサー｜会社員しながら18畳のリビングで愛犬と暮らす1LDK｜洋服好き｜kaishin murai,https://www.youtube.com/watch?v=FzbE6LIpSVo,━━━━━━━━━━━━━━━━━━━━━━━━ 🌏 募集中 ━━━━━━━━━━━━━━━━━━━━━━━━  ▷ 出演者 : https://docs.google.com/forms/d/e/1,2026-06-05,https://i.ytimg.com/vi/FzbE6LIpSVo/maxresdefault.jpg
art,ELLE Japan,YouTube,【長濱ねる×岡田知子】「NARS（ナーズ）」の名品はなぜ永遠に名品なのか？ーvol.2光を味方に。ブラッシュ＆スティック対談｜ELLE Japan,https://www.youtube.com/watch?v=Y2b6pkvhW94,【Sponsored】「NARS（ナーズ）」の名品が支持される理由をひも解くYouTube連載。第2回目は俳優の長濱ねるとヘアメイクアップアーティストの岡田知子が、「毎日のメイクに欠かせない！」と絶賛,2026-06-05,https://i.ytimg.com/vi/Y2b6pkvhW94/maxresdefault.jpg
fashion,CONNECT北欧,YouTube,"ジャパンディ・和モダン好き必見！日本の風土を感じる家具ブランド ""ARIAKE"" の魅力を体感",https://www.youtube.com/watch?v=VKdzVdISM_k,今回は、佐賀県発の家具ブランド「ARIAKE」のショールームを初公開！ 世界中の名だたるデザイナー・建築家が集結し、日本の文化を様々な視点で落とし込んだ美しいプロダクトを展開する、今大注目のブランドで,2026-06-05,https://i.ytimg.com/vi/VKdzVdISM_k/maxresdefault.jpg
ガジェット・プロダクト,Pen Online,,A gallery-café tucked away in a former tobacco shop in Kyoto,https://pen-online.com/travel/un-cafe-galerie-installe-dans-une-ancienne-boutique-de-tabac-a-kyoto/,The post A gallery-café tucked away in a former tobacco shop in Kyoto appeared first on Pen ペン .,2026-06-04,https://pen-online.com/app/uploads/2026/05/27203907/itoyufu.thumbnail-750x544.jpg
food,IN THE MAKING,YouTube,【ショップツアー】カフェラテ無料の名古屋カフェ。ミッドセンチュリー家具が並ぶこだわりの空間｜Tip Tap Coffee,https://www.youtube.com/watch?v=R2QRwU0TqG0,▪️今回は名古屋市本陣駅近くにある「Tip Tap Coffee」のショップツアー 営業日は月に2回だけ。その日はカフェラテを無料で提供する、 少し変わったコーヒースタンドです。 ミッドセンチュリーな,2026-06-04,https://i.ytimg.com/vi/R2QRwU0TqG0/maxresdefault.jpg
fashion,ELLE Japan,YouTube,【育児を支える！リアル購入品】ママエディターの育児を支える 本当に買って良かったもの｜Editor's Vlog Special｜ELLE Japan,https://www.youtube.com/watch?v=C0LK_lXqo38,ELLE編集部で働くママたちが“本当に買って良かった”アイテムを一斉調査。 ファッションエディターやお買い物上手なコマースエディター、 そしてビューティーエディターも登場し、ベストバイをご紹介！  ▼,2026-06-04,https://i.ytimg.com/vi/C0LK_lXqo38/maxresdefault.jpg
ガジェット・プロダクト,Pen Online,,Gaudí’s influence on the creation of Niki de Saint Phalle’s Tarot Garden in Italy,https://pen-online.com/travel/gaudis-influence-on-the-creation-of-niki-de-saint-phalles-tarot-garden-in-italy/,The post Gaudí’s influence on the creation of Niki de Saint Phalle’s Tarot Garden in Italy appeared first on Pen ペン .,2026-06-02,https://pen-online.com/app/uploads/2026/05/28160427/%E3%82%AC%E3%82%A6%E3%83%87%E3%82%A3%E3%81%A8%E3%83%8B%E3%82%AD1-750x323.jpg
fashion,ELLE Japan,YouTube,パリジェンヌのジュエリーコーデを拝見！ クローゼットの中身も紹介❤︎【カミーユ・シュロー】｜My Favorite in Paris｜ ELLE Japan,https://www.youtube.com/watch?v=CBmx2xi3heI,感性と構築美を宿したジュエリーが高く評価を受けるアップカミングなジュエリーデザイナー、カミーユ・シュローのジュエリーコーデを公開。おしゃれパリジェンヌの「一生大切にしたい、絶対に捨てられない服」を知る,2026-06-02,https://i.ytimg.com/vi/CBmx2xi3heI/maxresdefault.jpg
interior,CONNECT北欧,YouTube,家にプラスアルファのゆとりと遊びを。空間を魅せるアイテム3選【生活必需品じゃないけれど】,https://www.youtube.com/watch?v=AncVw4ncSfQ,今回は、効率を重視してモノを減らした結果、ガランとした部屋を見て虚無感に襲われた私の実体験をもとに、みなさんにお伝えしたいことをまとめました。  家事育児、仕事の両立の忙しさから抜け出すために、生活の,2026-06-02,https://i.ytimg.com/vi/AncVw4ncSfQ/maxresdefault.jpg
interior,クリエイティブの裏側,YouTube,【素人やりがち】ソファNGレイアウト！9名の一般人のコーディネート添削！,https://www.youtube.com/watch?v=5GopUkEcGPE,メンバーシップはこちらから（ブラウザ版は¥2210offでご参加いただけます） https://www.youtube.com/@c.uragawa/join?app=desktop ①Discord,2026-06-01,https://i.ytimg.com/vi/5GopUkEcGPE/maxresdefault.jpg
travel,GQ JAPAN,YouTube,木を愛した建築家、ジョージ・ナカシマの歴史的邸宅と工房へ | GQ JAPAN,https://www.youtube.com/watch?v=A8CH_vnja7M,日系アメリカ人の建築家で家具デザイナー、ジョージ・ナカシマの歴史的な邸宅と工房を訪問。日米で建築を学び培われたナカシマの哲学である、職人技術や木材への深い敬意が、今なお静かに宿る。  チャンネル登録は,2026-05-31,https://i.ytimg.com/vi/A8CH_vnja7M/maxresdefault.jpg
interior,TOKYOROOMS,YouTube,【JOURNAL STANDARD FURNITURE】NEWoMan高輪店 完全ガイド｜店長おすすめ家具・照明・雑貨を徹底紹介 | 紹介アイテムは月額でも購入OK,https://www.youtube.com/watch?v=Spbzw4RiaD0,🛋️ JOURNAL STANDARD FURNITUREのアイテムを実質無金利の分割払い（月額）で購入できる「サブスクライフ」はこちらから https://subsclife.com/list/br,2026-05-30,https://i.ytimg.com/vi/Spbzw4RiaD0/maxresdefault.jpg
fashion,HYGGESCAPE,YouTube,北欧インテリアブランド大全：インテリア好きは絶対行ってほしい本場インテリアショップツアー,https://www.youtube.com/watch?v=RitcYMeAE_M,▼インテリアコーデ／特別コンテンツ https://s.lmes.jp/landing-qr/2006687817-XJ0W8wMM?uLand=7CKSBs  ▼チャンネル登録もぜひ https:/,2026-05-29,https://i.ytimg.com/vi/RitcYMeAE_M/maxresdefault.jpg
fashion,キオク的サンサク,YouTube,【ルームツアー】家賃11万・27歳&28歳スニーカー販売員｜身の丈にあった2DK｜ジモティーで集めた家具と大量のチェック柄&お気に入りのスニーカー,https://www.youtube.com/watch?v=MtfIo-Ce1Z8,━━━━━━━━━━━━━━━━━━━━━━━━ 🌏 募集中 ━━━━━━━━━━━━━━━━━━━━━━━━  ▷ 出演者 : https://docs.google.com/forms/d/e/1,2026-05-29,https://i.ytimg.com/vi/MtfIo-Ce1Z8/maxresdefault.jpg
food,GQ JAPAN,YouTube,LE SSERAFIM「本人たち」がファンの質問にリプライ | Actually Me | GQ JAPAN,https://www.youtube.com/watch?v=yUu8aP--riw,5人組ガールグループのLE SSERAFIMが、インターネットに書き込まれた視聴者からのコメントに返答する。  00:00 なぜK-POPアイドルはドバイチョコが好き？ 00:41 ツアー中に食べるお,2026-05-29,https://i.ytimg.com/vi/yUu8aP--riw/maxresdefault.jpg
ガジェット・プロダクト,Pen Online,,‘What Is the Three-Step Process That Helps Us Understand Others?’,https://pen-online.com/culture/et-si-comprendre-les-autres-passait-par-un-processus-en-trois-etapes/,The post ‘What Is the Three-Step Process That Helps Us Understand Others?’ appeared first on Pen ペン .,2026-05-28,https://pen-online.com/app/uploads/2026/05/27194721/Ogawa_18-750x666.jpg
food,IN THE MAKING,YouTube,【古着屋】美濃加茂からカルチャーを発信。古着を愛し、夢を実現したオーナーにインタビュー｜お気に入りの私物も紹介！,https://www.youtube.com/watch?v=CSMPTmUo7HE,▪️今回は岐阜県美濃加茂市にある「APPS GENERAL STORE」という古着屋兼カフェのオーナーにインタビュー お店を始めたきっかけや古着の魅力をお聞きしました。 https://www.ins,2026-05-28,https://i.ytimg.com/vi/CSMPTmUo7HE/maxresdefault.jpg
interior,ELLE Japan,YouTube,【ALPHA DRIVE ONE】仲良し度をチェック✅　素顔に迫る二択クイズにTRY｜CHEMISTRY GAME｜ ELLE Japan,https://www.youtube.com/watch?v=SfCWBE2JmWc,『エル・ジャポン』7月号特別版カバーを飾ったALPHADRIVEONEがELLEの動画シリーズ「CHEMISTRY GAME」に挑戦。「ALPHA DRIVE ONEのメンバーの年齢が入れ替わるなら？,2026-05-28,https://i.ytimg.com/vi/SfCWBE2JmWc/maxresdefault.jpg
interior,ELLE Japan,YouTube,【IS:SUE🤍】歌唱力に注目👀　ヒット曲や懐かしソングをアカペラ披露｜Song Association｜ELLE Japan,https://www.youtube.com/watch?v=iF1lqqa7h6A,10秒以内にお題の単語が出てくる曲を答える、ELLE US人気企画「Song Association」の日本版第12回に、初のフルアルバム『QUARTET』をリリースしたIS:SUEが登場！ アルバム,2026-05-27,https://i.ytimg.com/vi/iF1lqqa7h6A/maxresdefault.jpg
fashion,クリエイティブの裏側,YouTube,【IKEA縛りコーデ】今ある家具で作るLDKインテリア！辛口ビフォーアフター,https://www.youtube.com/watch?v=Y_nW5rGWwzg,レンタルのデザイナー家具（オフィス用） https://designservice.interoffice.co.jp/service/fittingbox/  メンバーシップはこちらから（ブラウザ版,2026-05-25,https://i.ytimg.com/vi/Y_nW5rGWwzg/maxresdefault.jpg
fashion,TOKYOROOMS,YouTube,【センスのいい家にある家具】Karimoku Caseとは？｜ジャパンディ、ホテルライクな人気家具とブランドの魅力を紹介 | 紹介アイテムは月額でも購入OK,https://www.youtube.com/watch?v=z8gM98f4q7k,🪑 Karimoku Caseのアイテムを実質無金利の分割払い（月額）で購入できる「サブスクライフ」はこちら https://subsclife.com/?utm_source=youtube&utm,2026-05-23,https://i.ytimg.com/vi/z8gM98f4q7k/maxresdefault.jpg
event,ACTUS,YouTube,バウハウスを日常に！TECTAを取り入れたスタイリングとその魅力とは？,https://www.youtube.com/watch?v=IaXGa-BukbI,アクタスのバイヤー、プロフェッショナルがインテリアの奥深さを多面的に語る「ACTUS蘊蓄（うんちく）ものがたり」。今回は、現在アクタス・丸の内店で開催中の「TECTA MIT MARUNOUCHI」の,2026-05-23,https://i.ytimg.com/vi/IaXGa-BukbI/maxresdefault.jpg
fashion,HYGGESCAPE,YouTube,旅の経過のご報告｜100日間の旅を折り返してみて起きた暮らし・価値観・仕事の変化,https://www.youtube.com/watch?v=C1R7EaYHn2U,▼インテリアコーデ／特別コンテンツ https://s.lmes.jp/landing-qr/2006687817-XJ0W8wMM?uLand=7CKSBs  ▼チャンネル登録もよろしくお願いします,2026-05-22,https://i.ytimg.com/vi/C1R7EaYHn2U/maxresdefault.jpg
interior,ゆっくりインテリア(カジマグ),YouTube,【北欧家具どっちなんだい？】：北欧モダンとYチェアとリ・デザイン家具の話。｜【CH24・Wishbone chair】,https://www.youtube.com/watch?v=LvPbuCsthVI,《じっくり読みたい方はこちら！》  【北欧家具どっちなんだい？】：北欧モダンとYチェアとリ・デザイン家具の話。 https://kajikissa.com/y-chair/ 　 ---  ▼【原作・元,2026-05-22,https://i.ytimg.com/vi/LvPbuCsthVI/maxresdefault.jpg
art,キオク的サンサク,YouTube,【ルームツアー】家賃25万・34歳経営者&アートディレクター｜納得しないモノは置かない！希少な北欧ヴィンテージ家具とミニマルな1LDK・1人暮らし｜Chiharu Kodama,https://www.youtube.com/watch?v=GsiEVYQ2z6Q,━━━━━━━━━━━━━━━━━━━━━━━━ 🌏 募集中 ━━━━━━━━━━━━━━━━━━━━━━━━  ▷ 出演者 : https://docs.google.com/forms/d/e/1,2026-05-22,https://i.ytimg.com/vi/GsiEVYQ2z6Q/maxresdefault.jpg
fashion,IN THE MAKING,YouTube,【ショップツアー】古着とコーヒー。アメリカ買い付けの古着が並ぶ岐阜県美濃加茂市の古着屋&カフェ｜おすすめTシャツ紹介,https://www.youtube.com/watch?v=KdjYonXJkRo,▪️今回は岐阜県美濃加茂市にある「APPS GENERAL STORE」という古着屋兼カフェのショップツアー オーナーがアメリカで買い付けたこだわりの古着や、想いの詰まった内装をご覧ください。 htt,2026-05-21,https://i.ytimg.com/vi/KdjYonXJkRo/maxresdefault.jpg
fashion,HOUYHNHNM,YouTube,【HOME SWEET HOME  住処の定義 】Vol3：下野宏明（WHIZLIMITED）の、大切な家族のための空間と、自分の価値だけを揃えた仕事部屋。,https://www.youtube.com/watch?v=vVIrOa1ouyw,ファッションと同じか、もしくはそれ以上にパーソナルな面が反映される家。 あのひとはどんな家に住んで、どんな過ごし方をしているのでしょうか？  『HOME SWEET HOME -住処の定義-』は ジャ,2026-05-18,https://i.ytimg.com/vi/vVIrOa1ouyw/maxresdefault.jpg
fashion,クリエイティブの裏側,YouTube,【インテリア褒める企画】この視聴者コーディネートがすごい！BoConceptを使った4組の視聴者インテリア！,https://www.youtube.com/watch?v=9qS0p8gc3q4,インテリア デザイン サービス https://bit.ly/49aO5c7 ボーコンセプトHP https://bit.ly/4nF2y6j  メンバーシップはこちらから（ブラウザ版は¥2210of,2026-05-18,https://i.ytimg.com/vi/9qS0p8gc3q4/maxresdefault.jpg
interior,TOKYOROOMS,YouTube,【ルームツアー】リノベ設計士が自ら手掛けた自邸。モノトーン×木目で魅せる家具主役の2SLDK,https://www.youtube.com/watch?v=0vJyF4CmvJs,🏠インテリアのサブスク・購入はこちら https://subsclife.com/?utm_source=youtube&utm_medium=video&utm_campaign=roomtour&,2026-05-16,https://i.ytimg.com/vi/0vJyF4CmvJs/maxresdefault.jpg
interior,ACTUS,YouTube,【私物紹介】アクタススタッフ石塚のベストバイ！若手スタッフが実際に使っている家具と雑貨は？,https://www.youtube.com/watch?v=x309pfFFm-4,アクタススタッフやアクタスのお客様が実際に買ってよかったインテリアアイテムを紹介する「BEST BUY」シリーズ。今回は「ルームツアー」にも登場した、アクタスショップで働くスタッフ石塚が選んだ３つのベ,2026-05-16,https://i.ytimg.com/vi/x309pfFFm-4/maxresdefault.jpg
fashion,HYGGESCAPE,YouTube,海外のようなカラーインテリアをつくる大切な1つのコツ,https://www.youtube.com/watch?v=pQaTsCKiBK8,▼インテリアコーデ／特別コンテンツ https://s.lmes.jp/landing-qr/2006687817-XJ0W8wMM?uLand=7CKSBs  ▼チャンネル登録もよろしくお願いします,2026-05-15,https://i.ytimg.com/vi/pQaTsCKiBK8/maxresdefault.jpg
food,キオク的サンサク,YouTube,【ルームツアー】家賃7万・27歳看護師｜呑みながら料理する生活感そのままの1R！夜間はデザイン学生で趣味はカスタムピスト,https://www.youtube.com/watch?v=VzMLIss4ef4,━━━━━━━━━━━━━━━━━━━━━━━━ 🌏 キオク的サンサク・SNSに掲載しませんか？ ━━━━━━━━━━━━━━━━━━━━━━━━  ▼ キオク的サンサク｜SNS掲載サービス（試験版）,2026-05-15,https://i.ytimg.com/vi/VzMLIss4ef4/maxresdefault.jpg
product,IN THE MAKING,YouTube,【ヴィンテージ】名古屋でヴィンテージメガネを販売しながら、会社員として働く。成長と好きなものを両立する27歳にインタビュー,https://www.youtube.com/watch?v=aN554ACclqI,▪️今回は名古屋市を拠点にヴィンテージメガネをPOPUPで販売している 彩の奥野さんにお話を伺いました。 ヴィンテージメガネを販売しながら、AIのベンチャー企業に勤めています。 好きなことも成長も妥協,2026-05-14,https://i.ytimg.com/vi/aN554ACclqI/maxresdefault.jpg
travel,HOUYHNHNM,YouTube,【STORY OF WHEELS 車輪は浪漫】Vol 1：神谷龍の、夢と憧れが詰まったクルマ。,https://www.youtube.com/watch?v=3ERm7xE1rKQ,#STORYOFWHEELS #神谷龍 #alone #porsche911   ただの移動手段ではない、乗り物の魅力。 あのひとが転がす車輪には、どんな物語が宿っているのでしょうか？  『STORY,2026-05-11,https://i.ytimg.com/vi/3ERm7xE1rKQ/maxresdefault.jpg
interior,クリエイティブの裏側,YouTube,【辛口インテリア診断】部屋がなぜか垢抜けない理由、4人辛口診断しました🌶️,https://www.youtube.com/watch?v=moO7YtS8XqY,リノベ済み物件購入の裏側勉強会参加はこちら https://x.gd/f766d  メンバーシップはこちらから（ブラウザ版は¥2210offでご参加いただけます） https://www.youtub,2026-05-11,https://i.ytimg.com/vi/moO7YtS8XqY/maxresdefault.jpg
fashion,ACTUS,YouTube,新生活の部屋が垢抜ける！アクタス若手スタッフがオススメする家具7選【good eighty%】,https://www.youtube.com/watch?v=EdnF01T3pVs,アクタスのバイヤー、プロフェッショナルがインテリアの奥深さを多面的に語る「ACTUS蘊蓄（うんちく）ものがたり」。今回は、20代の若手スタッフが中心になって開発したオリジナルブランド「good eig,2026-05-09,https://i.ytimg.com/vi/EdnF01T3pVs/maxresdefault.jpg
fashion,HYGGESCAPE,YouTube,和室インテリアでも垢抜ける2つのコツ｜和室内装の攻略法,https://www.youtube.com/watch?v=XLwvMfaUIB4,▼インテリアコーデ／特別コンテンツ https://s.lmes.jp/landing-qr/2006687817-XJ0W8wMM?uLand=7CKSBs  ▼チャンネル登録もよろしくお願いします,2026-05-08,https://i.ytimg.com/vi/XLwvMfaUIB4/maxresdefault.jpg
interior,ゆっくりインテリア(カジマグ),YouTube,【北欧インテリアの作り方 ver.2.0】：もうナチュラルとは言わせない『北欧デザインの特徴』総まとめ。｜【北欧モダン】,https://www.youtube.com/watch?v=bGkNBwY3aoo,《じっくり読みたい方はこちら！》  【北欧インテリアの作り方】：もうナチュラルとは言わせない『北欧デザインの特徴』総まとめ。 https://kajikissa.com/nordic-interior,2026-05-08,https://i.ytimg.com/vi/bGkNBwY3aoo/maxresdefault.jpg
fashion,TOKYOROOMS,YouTube,【話題のインテリアブランド】ACME Furniture（アクメファニチャー）目黒通り店 完全ガイド｜ソファ・テーブル・照明・雑貨まで一挙紹介 | 紹介アイテムは月額でも購入OK,https://www.youtube.com/watch?v=-LI6y0Sw_SM,🛋️ ACME Furnitureのアイテムを実質無金利の分割払い（月額）で購入できる「サブスクライフ」はこちらから https://subsclife.com/list/br-200005/pr-N,2026-05-05,https://i.ytimg.com/vi/-LI6y0Sw_SM/maxresdefault.jpg
interior,ゆっくりインテリア(カジマグ),YouTube,【北欧デザインの共通点はこれですよ。】：北欧インテリアの歴史『スカンディナヴィア・ハーモニー』を解説です。：【家具デザイン】,https://www.youtube.com/watch?v=q05bku3KS0M,《じっくり読みたい方はこちら！》  【北欧インテリアの共通点】：家具の『スカンディナヴィア・ハーモニー』。 https://kajikissa.com/scandinavian-harmony2/,2026-04-24,https://i.ytimg.com/vi/q05bku3KS0M/maxresdefault.jpg
interior,ゆっくりインテリア(カジマグ),YouTube,【ネット情報に騙されるな！！】：北欧インテリアの本当の特徴『スカンディナヴィア・ハーモニー』を解説です。｜【北欧デザインの歴史】,https://www.youtube.com/watch?v=r8Uj0twCVpc,《じっくり読みたい方はこちら！》  【北欧インテリアの共通点】：『スカンディナヴィア・ハーモニー』を解説です。 https://kajikissa.com/scandinavian-harmony/,2026-04-10,https://i.ytimg.com/vi/r8Uj0twCVpc/maxresdefault.jpg
fashion,HOUYHNHNM,YouTube,【HOME SWEET HOME  住処の定義 】Vol 2：Marfa by Kazuhiko Fujitaの、クリエイティブの源となる家。,https://www.youtube.com/watch?v=2L8hFYOSFlk,ファッションと同じか、もしくはそれ以上にパーソナルな面が反映される家。 あのひとはどんな家に住んで、どんな過ごし方をしているのでしょうか？  『HOME SWEET HOME -住処の定義-』は ジャ,2026-04-01,https://i.ytimg.com/vi/2L8hFYOSFlk/maxresdefault.jpg
interior,HOUYHNHNM,YouTube,【私物紹介】フイナム編集部員の2025年ベストバイ。,https://www.youtube.com/watch?v=NLF3ufzYjTE,2025年も残すところあと数日。今年もフイナムをご愛顧いただき、ありがとうございました！ ということで、年末恒例のこの企画。今年は4人のフイナム編集部員がベストバイをご紹介します。  ■webマガジン,2025-12-25,https://i.ytimg.com/vi/NLF3ufzYjTE/maxresdefault.jpg
fashion,HOUYHNHNM,YouTube,【HOME SWEET HOME  住処の定義 】Vol 1：オカモトレイジの、好きなものだけを自由に詰めこんだ家。,https://www.youtube.com/watch?v=MsGOg966k9Q,#HOMESWEETHOME #住処の定義 #オカモトレイジ #OKAMOTOS    ファッションと同じか、もしくはそれ以上にパーソナルな面が反映される家。 あのひとはどんな家に住んで、どんな過ごし,2025-10-31,https://i.ytimg.com/vi/MsGOg966k9Q/maxresdefault.jpg
インテリア,Elle Decor Japan,,SHOPPING,https://www.elle.com/jp/elle-loves-shopping/,,,
インテリア,Elle Decor Japan,,ELLE ACTIVE!,https://www.elle.com/jp/elle-active/,,,
インテリア,Elle Decor Japan,,HOROSCOPES,https://www.elle.com/jp/horoscope/a21532878/horoscopes/,,,"https://hips.hearstapps.com/hmg-prod/images/12-saya-2018-1530121583.jpg?crop=1xw:1xh;center,top&resize=1200:*"
インテリア,Elle Decor Japan,,ELLE STYLE INSIDER,https://www.elle.com/jp/fashion/a36206028/elle-style-insider-profile/,,,"https://hips.hearstapps.com/hmg-prod/images/2025-10-28-152919-690062dd898c0.png?crop=1xw:0.8794788273615635xh;center,top&resize=1200:*"
インテリア,Elle Decor Japan,,建築で旅する日本。倉方俊輔が案内する「建築ツーリズム」入門と名作10,https://www.elle.com/jp/decor/decor-architecture/g71467609/architecture-tourism-2606/,,,"https://hips.hearstapps.com/hmg-prod/images/22f9a77e-9a3d-44c1-912a-4c0b61df19a5.jpg?crop=1.00xw:0.751xh;0,0.193xh&resize=1200:*"
イベント,Time Out Tokyo,,5 Tokyo omiyage to bring back from your trip or recommend to visitors,https://www.timeout.com/tokyo/shopping/5-tokyo-omiyage-to-bring-back-from-your-trip,,,https://media.timeout.com/images/106413478/image.jpg
イベント,Time Out Tokyo,,12 unexpected art spaces in Tokyo and where to find them,https://www.timeout.com/tokyo/art/12-unexpected-art-spaces-in-tokyo-and-where-to-find-them,,,https://media.timeout.com/images/106414520/image.jpg
イベント,Time Out Tokyo,,Where to eat Mexican food in Tokyo,https://www.timeout.com/tokyo/restaurants/where-to-eat-mexican-food-in-tokyo,,,https://media.timeout.com/images/106412001/image.jpg
イベント,Time Out Tokyo,,16 best indoor things to do in Tokyo this rainy season,https://www.timeout.com/tokyo/things-to-do/best-indoor-activities-in-tokyo,,,https://media.timeout.com/images/106226064/image.jpg
イベント,Time Out Tokyo,,Why the Polaroid Go Gen 3 is your best Japan travel companion this summer,https://www.timeout.com/tokyo/news/why-the-polaroid-go-gen-3-is-your-best-japan-travel-companion-this-summer-061226,,,https://media.timeout.com/images/106415445/image.jpg
ガジェット・プロダクト,WIRED Japan,,防衛テックの覇権を目指すアンドゥリルが直面する戦い｜The Big Story,https://wired.jp/article/sz-andurils-real-war-is-with-itself/,,,"https://media.wired.jp/photos/6a28b52eed7e33124e82242f/16:9/w_1280,c_limit/GettyImages-840551676-3.jpg"
ガジェット・プロダクト,WIRED Japan,,ネット発の都市伝説を映画化した『Backrooms』──20歳の監督、YouTubeからハリウッドへ,https://wired.jp/article/backrooms-movie-kane-parsons-interview/,,,"https://media.wired.jp/photos/6a1e42e4205e647b1a2e1d6b/16:9/w_1280,c_limit/Backrooms-Culture-A24.jpg"
ガジェット・プロダクト,WIRED Japan,,ハトは肝臓の中に“方位磁針”をもっていた：研究結果,https://wired.jp/article/homing-pigeon-liver-macrophages-magnetic-navigation/,,,"https://media.wired.jp/photos/6a29156cacf2182ad974249b/16:9/w_1280,c_limit/2209589149"
ガジェット・プロダクト,WIRED Japan,,スペースX上場。仮想通貨の本命はビットコインではない｜Crypto Matters,https://wired.jp/article/sz-crypto-matters-spacex-public/,,,"https://media.wired.jp/photos/6a29ff6a3e34b711a3968e07/16:9/w_1280,c_limit/WIRED_CryptoMatters_20260611.jpg"
ガジェット・プロダクト,WIRED Japan,,加齢に伴う視力低下の回復を目指す薬剤をヒトに初投与──長寿スタートアップが発表,https://wired.jp/article/longevity-startup-doses-first-human-in-bid-to-reverse-age-related-sight-loss/,,,"https://media.wired.jp/photos/6a294f49070570c576306a67/16:9/w_1280,c_limit/060926_Longevity-Startup-Eye-Testing.jpg"
カルチャー・アート,美術手帖,,ラブ! ヴァンガード!! 前衛を愛した、あるコレクターの眼 ―草間彌生、ヘイター and more,https://bijutsutecho.com/exhibitions/18141,,,https://bt.imgix.net/exhibition/18141/main/1780605784025_39b32a8812b89bfab2dff797ef0a5d56.jpg?auto=format&fm=jpg&w=1920&h=1080&fit=max&v=10
カルチャー・アート,美術手帖,,風そよぐ情景 ヴィクトリア朝絵画・フランス印象派,https://bijutsutecho.com/exhibitions/18150,,,https://bt.imgix.net/exhibition/18150/main/1780604789737_4c8f466f094a8988d6d33e55582a07b2.jpg?auto=format&fm=jpg&w=1920&h=1080&fit=max&v=6
カルチャー・アート,美術手帖,,ずっとつながる えほんの世界,https://bijutsutecho.com/exhibitions/18073,,,https://bt.imgix.net/exhibition/18073/main/1779698452463_7a4c6bb2cca4012360f030ee8e8004d0.jpg?auto=format&fm=jpg&w=1920&h=1080&fit=max&v=5
カルチャー・アート,美術手帖,,ピカソ meets ポール・スミス 遊び心の冒険へ,https://bijutsutecho.com/exhibitions/18120,,,https://bt.imgix.net/exhibition/18120/main/1780434151022_c847d55c0faee86503a458deaf6bb8a9.jpg?auto=format&fm=jpg&w=1920&h=1080&fit=max&v=6
カルチャー・アート,美術手帖,,舟越桂/Katsura Funakoshi 版画 ドローイング展,https://bijutsutecho.com/exhibitions/18166,,,https://bt.imgix.net/exhibition/18166/main/1780667357186_845200a19c134dd92a63b16adeb03629.jpg?auto=format&fm=jpg&w=1920&h=1080&fit=max&v=10
イベント,Time Out Tokyo,,東京、ベストホットドッグ7選,https://www.timeout.jp/tokyo/ja/restaurant/7-of-the-best-hot-dogs-in-tokyo,,,https://media.timeout.com/images/106411628/image.jpg
イベント,Time Out Tokyo,,東京、レコードショップ店員に聞くトレンド2026,https://www.timeout.jp/tokyo/ja/music/trends-in-record-stores-2026,,,https://media.timeout.com/images/106413017/image.jpg
イベント,Time Out Tokyo,,東京、屋外ビアガーデン2026,https://www.timeout.jp/tokyo/ja/things-to-do/tokyo-beer-garden-1,,,https://media.timeout.com/images/105998446/image.jpg
イベント,Time Out Tokyo,,この夏、アジサイが楽しめる鎌倉の寺院3選,https://www.timeout.jp/tokyo/ja/news/best-temples-in-kamakura-to-see-hydrangeas-052926,,,https://media.timeout.com/images/105894758/image.jpg
イベント,Time Out Tokyo,,五反田TOCビルに「ポリスミュージアム」が移転オープン,https://www.timeout.jp/tokyo/ja/news/police-museum-061226,,,https://media.timeout.com/images/106412135/image.jpg
ガジェット・プロダクト,WIRED Japan,,エルニーニョ到来。今年は「スーパー」級か──世界の天候を大きく変える可能性,https://wired.jp/article/super-el-nino-turns-worlds-weather-upside-down/,,,"https://media.wired.jp/photos/6a2b7974c462506de85a350c/16:9/w_1280,c_limit/SSTA_1stweekJune2026.jpg"
ガジェット・プロダクト,WIRED Japan,,「ゲイ・テック・マフィア」の真相｜The Big Story,https://wired.jp/article/sz-inside-the-gay-tech-mafia/,,,"https://media.wired.jp/photos/6a0d4b4e69a3d53951f308c9/16:9/w_1280,c_limit/Digital%20Opener_Handshake.jpg"
ガジェット・プロダクト,WIRED Japan,,Anthropic、「Claude Fable 5」を米政府命令に従い提供停止,https://wired.jp/article/anthropic-says-us-government-ordered-it-to-shut-down-mythos-models/,,,"https://media.wired.jp/photos/6a2cce5c64e04dcaa21da315/16:9/w_1280,c_limit/Anthropic-Says-US-Gov-Ordered-it-to-Shut-Down-Mythos-Models-Business-2280583841.jpg"
ガジェット・プロダクト,WIRED Japan,,グーグル 「Fitbit Air」レビュー ： “アンビエント・ヘルス”を体現するフィットネストラッカー,https://wired.jp/review/google-fitbit-air/,,,"https://media.wired.jp/photos/6a2cb67e236a5a20a2826890/16:9/w_1280,c_limit/New%20Google%20Fitbit%20Air%20Review%20top%20art%20052026%20SOURCE%20Google.jpg"
ガジェット・プロダクト,WIRED Japan,,タコは鏡を使って空間を把握できる：研究結果,https://wired.jp/article/octopus-mirror-use-spatial-cognition/,,,"https://media.wired.jp/photos/6a291cdc035b35f77f30a690/16:9/w_1280,c_limit/aaIMG_1687.jpg"
カルチャー・アート,美術手帖,,石田徹也展,https://bijutsutecho.com/exhibitions/17946,,,https://bt.imgix.net/exhibition/17946/main/1777537634174_fe781c47bf6bb1967a361bad2c9c7ef3.png?auto=format&fm=jpg&w=1920&h=1080&fit=max&v=7
カルチャー・アート,美術手帖,,柿本幸造 夏ものがたり,https://bijutsutecho.com/exhibitions/18118,,,https://bt.imgix.net/exhibition/18118/main/1780346341342_76002b85933a56f7d05f95242fcd8c21.jpg?auto=format&fm=jpg&w=1920&h=1080&fit=max&v=7
